INSERT INTO `autoparts`.`brand` (`id`, `nameOfBrand`) VALUES (1, 'McKenzie, Carter and Little');
INSERT INTO `autoparts`.`brand` (`id`, `nameOfBrand`) VALUES (2, 'Krajcik PLC');
INSERT INTO `autoparts`.`brand` (`id`, `nameOfBrand`) VALUES (3, 'Schultz and Sons');
INSERT INTO `autoparts`.`brand` (`id`, `nameOfBrand`) VALUES (4, 'Swift-Osinski');
INSERT INTO `autoparts`.`brand` (`id`, `nameOfBrand`) VALUES (5, 'Bechtelar and Sons');
INSERT INTO `autoparts`.`brand` (`id`, `nameOfBrand`) VALUES (6, 'Beier-Botsford');

INSERT INTO `autoparts`.`model` (`id`, `brandId`, `yearOfRelease`, `model`) VALUES (1, 5, 1999, 'explicabo');
INSERT INTO `autoparts`.`model` (`id`, `brandId`, `yearOfRelease`, `model`) VALUES (2, 1, 2011, 'a');
INSERT INTO `autoparts`.`model` (`id`, `brandId`, `yearOfRelease`, `model`) VALUES (3, 1, 1980, 'omnis');
INSERT INTO `autoparts`.`model` (`id`, `brandId`, `yearOfRelease`, `model`) VALUES (4, 1, 1993, 'delectus');
INSERT INTO `autoparts`.`model` (`id`, `brandId`, `yearOfRelease`, `model`) VALUES (5, 2, 1985, 'esse');
INSERT INTO `autoparts`.`model` (`id`, `brandId`, `yearOfRelease`, `model`) VALUES (6, 5, 2005, 'quibusdam');
INSERT INTO `autoparts`.`model` (`id`, `brandId`, `yearOfRelease`, `model`) VALUES (7, 4, 1998, 'eveniet');
INSERT INTO `autoparts`.`model` (`id`, `brandId`, `yearOfRelease`, `model`) VALUES (8, 5, 2001, 'quia');
INSERT INTO `autoparts`.`model` (`id`, `brandId`, `yearOfRelease`, `model`) VALUES (9, 6, 1992, 'unde');
INSERT INTO `autoparts`.`model` (`id`, `brandId`, `yearOfRelease`, `model`) VALUES (10, 1, 2006, 'voluptas');
INSERT INTO `autoparts`.`model` (`id`, `brandId`, `yearOfRelease`, `model`) VALUES (11, 6, 2015, 'quia');
INSERT INTO `autoparts`.`model` (`id`, `brandId`, `yearOfRelease`, `model`) VALUES (12, 6, 1993, 'ut');
INSERT INTO `autoparts`.`model` (`id`, `brandId`, `yearOfRelease`, `model`) VALUES (13, 5, 2009, 'inventore');
INSERT INTO `autoparts`.`model` (`id`, `brandId`, `yearOfRelease`, `model`) VALUES (14, 1, 1972, 'rem');
INSERT INTO `autoparts`.`model` (`id`, `brandId`, `yearOfRelease`, `model`) VALUES (15, 2, 2001, 'non');
INSERT INTO `autoparts`.`model` (`id`, `brandId`, `yearOfRelease`, `model`) VALUES (16, 3, 2008, 'autem');
INSERT INTO `autoparts`.`model` (`id`, `brandId`, `yearOfRelease`, `model`) VALUES (17, 3, 1996, 'nemo');
INSERT INTO `autoparts`.`model` (`id`, `brandId`, `yearOfRelease`, `model`) VALUES (18, 2, 1986, 'ipsam');
INSERT INTO `autoparts`.`model` (`id`, `brandId`, `yearOfRelease`, `model`) VALUES (19, 1, 1981, 'ratione');
INSERT INTO `autoparts`.`model` (`id`, `brandId`, `yearOfRelease`, `model`) VALUES (20, 1, 1992, 'quod');



INSERT INTO `autoparts`.`modification` (`id`, `modelId`, `fuel`, `engine`, `wheelDrive`) VALUES (1, 11, 'Benzin', '1.6', 'Front');
INSERT INTO `autoparts`.`modification` (`id`, `modelId`, `fuel`, `engine`, `wheelDrive`) VALUES (2, 20, 'Benzin', '2.0', 'Front');
INSERT INTO `autoparts`.`modification` (`id`, `modelId`, `fuel`, `engine`, `wheelDrive`) VALUES (3, 4, 'Diesel', '2.7', 'Rear');
INSERT INTO `autoparts`.`modification` (`id`, `modelId`, `fuel`, `engine`, `wheelDrive`) VALUES (4, 11, 'Benzin', '2.0', 'Rear');
INSERT INTO `autoparts`.`modification` (`id`, `modelId`, `fuel`, `engine`, `wheelDrive`) VALUES (5, 15, 'Diesel', '2.5', 'Front');
INSERT INTO `autoparts`.`modification` (`id`, `modelId`, `fuel`, `engine`, `wheelDrive`) VALUES (6, 1, 'Benzin', '2.9', 'Rear');
INSERT INTO `autoparts`.`modification` (`id`, `modelId`, `fuel`, `engine`, `wheelDrive`) VALUES (7, 13, 'Diesel', '3.0', 'Rear');
INSERT INTO `autoparts`.`modification` (`id`, `modelId`, `fuel`, `engine`, `wheelDrive`) VALUES (8, 6, 'Benzin', '2.0', 'Front');
INSERT INTO `autoparts`.`modification` (`id`, `modelId`, `fuel`, `engine`, `wheelDrive`) VALUES (9, 19, 'Diesel', '1.6', 'Rear');
INSERT INTO `autoparts`.`modification` (`id`, `modelId`, `fuel`, `engine`, `wheelDrive`) VALUES (10, 4, 'Benzin', '1.6', 'Front');
INSERT INTO `autoparts`.`modification` (`id`, `modelId`, `fuel`, `engine`, `wheelDrive`) VALUES (11, 17, 'Diesel', '1.6', 'Rear');
INSERT INTO `autoparts`.`modification` (`id`, `modelId`, `fuel`, `engine`, `wheelDrive`) VALUES (12, 6, 'Benzin', '1.6', 'Front');
INSERT INTO `autoparts`.`modification` (`id`, `modelId`, `fuel`, `engine`, `wheelDrive`) VALUES (13, 6, 'Diesel', '2.0', 'Rear');
INSERT INTO `autoparts`.`modification` (`id`, `modelId`, `fuel`, `engine`, `wheelDrive`) VALUES (14, 2, 'Benzin', '1.6', 'Rear');
INSERT INTO `autoparts`.`modification` (`id`, `modelId`, `fuel`, `engine`, `wheelDrive`) VALUES (15, 16, 'Diesel', '1.6', 'Rear');
INSERT INTO `autoparts`.`modification` (`id`, `modelId`, `fuel`, `engine`, `wheelDrive`) VALUES (16, 4, 'Diesel', '1.6', 'Front');
INSERT INTO `autoparts`.`modification` (`id`, `modelId`, `fuel`, `engine`, `wheelDrive`) VALUES (17, 1, 'Benzin', '2.0', 'Rear');
INSERT INTO `autoparts`.`modification` (`id`, `modelId`, `fuel`, `engine`, `wheelDrive`) VALUES (18, 9, 'Diesel', '1.6', 'Front');
INSERT INTO `autoparts`.`modification` (`id`, `modelId`, `fuel`, `engine`, `wheelDrive`) VALUES (19, 7, 'Benzin', '1.6', 'Front');
INSERT INTO `autoparts`.`modification` (`id`, `modelId`, `fuel`, `engine`, `wheelDrive`) VALUES (20, 19, 'Diesel', '2.0', 'Rear');
INSERT INTO `autoparts`.`modification` (`id`, `modelId`, `fuel`, `engine`, `wheelDrive`) VALUES (21, 6, 'Benzin', '1.6', 'Front');
INSERT INTO `autoparts`.`modification` (`id`, `modelId`, `fuel`, `engine`, `wheelDrive`) VALUES (22, 1, 'Diesel', '1.6', 'Rear');
INSERT INTO `autoparts`.`modification` (`id`, `modelId`, `fuel`, `engine`, `wheelDrive`) VALUES (23, 17, 'Diesel', '2.0', 'Front');
INSERT INTO `autoparts`.`modification` (`id`, `modelId`, `fuel`, `engine`, `wheelDrive`) VALUES (24, 6, 'Benzin', '1.9', 'Rear');
INSERT INTO `autoparts`.`modification` (`id`, `modelId`, `fuel`, `engine`, `wheelDrive`) VALUES (25, 3, 'Diesel', '1.6', 'Rear');
INSERT INTO `autoparts`.`modification` (`id`, `modelId`, `fuel`, `engine`, `wheelDrive`) VALUES (26, 2, 'Benzin', '1.9', 'Front');
INSERT INTO `autoparts`.`modification` (`id`, `modelId`, `fuel`, `engine`, `wheelDrive`) VALUES (27, 19, 'Diesel', '2.0', 'Rear');
INSERT INTO `autoparts`.`modification` (`id`, `modelId`, `fuel`, `engine`, `wheelDrive`) VALUES (28, 15, 'Benzin', '1.9', 'Rear');
INSERT INTO `autoparts`.`modification` (`id`, `modelId`, `fuel`, `engine`, `wheelDrive`) VALUES (29, 8, 'Diesel', '2.0', 'Front');
INSERT INTO `autoparts`.`modification` (`id`, `modelId`, `fuel`, `engine`, `wheelDrive`) VALUES (30, 6, 'Benzin', '1.9', 'Rear');
INSERT INTO `autoparts`.`modification` (`id`, `modelId`, `fuel`, `engine`, `wheelDrive`) VALUES (31, 9, 'Diesel', '2.0', 'Rear');
INSERT INTO `autoparts`.`modification` (`id`, `modelId`, `fuel`, `engine`, `wheelDrive`) VALUES (32, 6, 'Benzin', '1.9', 'Front');
INSERT INTO `autoparts`.`modification` (`id`, `modelId`, `fuel`, `engine`, `wheelDrive`) VALUES (33, 2, 'Diesel', '2.0', 'Rear');
INSERT INTO `autoparts`.`modification` (`id`, `modelId`, `fuel`, `engine`, `wheelDrive`) VALUES (34, 2, 'Diesel', '1.9', 'Rear');
INSERT INTO `autoparts`.`modification` (`id`, `modelId`, `fuel`, `engine`, `wheelDrive`) VALUES (35, 7, 'Benzin', '1.9', 'Front');
INSERT INTO `autoparts`.`modification` (`id`, `modelId`, `fuel`, `engine`, `wheelDrive`) VALUES (36, 18, 'Diesel', '2.0', 'Rear');
INSERT INTO `autoparts`.`modification` (`id`, `modelId`, `fuel`, `engine`, `wheelDrive`) VALUES (37, 6, 'Benzin', '1.9', 'Rear');
INSERT INTO `autoparts`.`modification` (`id`, `modelId`, `fuel`, `engine`, `wheelDrive`) VALUES (38, 18, 'Diesel', '1.9', 'Front');
INSERT INTO `autoparts`.`modification` (`id`, `modelId`, `fuel`, `engine`, `wheelDrive`) VALUES (39, 14, 'Benzin', '1.9', 'Rear');
INSERT INTO `autoparts`.`modification` (`id`, `modelId`, `fuel`, `engine`, `wheelDrive`) VALUES (40, 12, 'Diesel', '1.9', 'Rear');
INSERT INTO `autoparts`.`modification` (`id`, `modelId`, `fuel`, `engine`, `wheelDrive`) VALUES (41, 17, 'Benzin', '1.9', 'Front');
INSERT INTO `autoparts`.`modification` (`id`, `modelId`, `fuel`, `engine`, `wheelDrive`) VALUES (42, 8, 'Diesel', '2.0', 'Rear');
INSERT INTO `autoparts`.`modification` (`id`, `modelId`, `fuel`, `engine`, `wheelDrive`) VALUES (43, 1, 'Benzin', '1.9', 'Front');
INSERT INTO `autoparts`.`modification` (`id`, `modelId`, `fuel`, `engine`, `wheelDrive`) VALUES (44, 20, 'Diesel', '2.0', 'Rear');
INSERT INTO `autoparts`.`modification` (`id`, `modelId`, `fuel`, `engine`, `wheelDrive`) VALUES (45, 8, 'Benzin', '2.0', 'Rear');





INSERT INTO `autoparts`.`detail` (`id`, `modificationId`, `article_code`, `description`, `delivery_period`, `weight`, `price`, `avaliability`) VALUES (1, 35, 17, 'Accusantium aliquam at natus.', 5, '0', '422317.28', 9);
INSERT INTO `autoparts`.`detail` (`id`, `modificationId`, `article_code`, `description`, `delivery_period`, `weight`, `price`, `avaliability`) VALUES (2, 37, 9, 'Ad expedita officiis dolore.', 4, '10765527.994596', '3667.3196992', 12);
INSERT INTO `autoparts`.`detail` (`id`, `modificationId`, `article_code`, `description`, `delivery_period`, `weight`, `price`, `avaliability`) VALUES (3, 17, 25, 'Error voluptas nostrum qui non.', 4, '461922616.888', '3114890', 12);
INSERT INTO `autoparts`.`detail` (`id`, `modificationId`, `article_code`, `description`, `delivery_period`, `weight`, `price`, `avaliability`) VALUES (4, 17, 51, 'Praesentium est ipsam.', 6, '2.1922706', '7109', 2);
INSERT INTO `autoparts`.`detail` (`id`, `modificationId`, `article_code`, `description`, `delivery_period`, `weight`, `price`, `avaliability`) VALUES (5, 26, 65, 'Libero architecto qui nulla.', 5, '4.3320264', '11.2656', 11);
INSERT INTO `autoparts`.`detail` (`id`, `modificationId`, `article_code`, `description`, `delivery_period`, `weight`, `price`, `avaliability`) VALUES (6, 37, 61, 'Quod vel totam qui totam dignissimos.', 1, '6656.93', '667.8384', 6);
INSERT INTO `autoparts`.`detail` (`id`, `modificationId`, `article_code`, `description`, `delivery_period`, `weight`, `price`, `avaliability`) VALUES (7, 14, 49, 'Atque omnis odit qui accusamus.', 7, '5024986.476489', '36568615', 0);
INSERT INTO `autoparts`.`detail` (`id`, `modificationId`, `article_code`, `description`, `delivery_period`, `weight`, `price`, `avaliability`) VALUES (8, 19, 33, 'Possimus architecto laboriosam consectetur qu', 6, '0', '1351.11707229', 2);
INSERT INTO `autoparts`.`detail` (`id`, `modificationId`, `article_code`, `description`, `delivery_period`, `weight`, `price`, `avaliability`) VALUES (9, 38, 40, 'Facere occaecati aut laborum consequuntur.', 6, '939.8548424', '27007.94263', 3);
INSERT INTO `autoparts`.`detail` (`id`, `modificationId`, `article_code`, `description`, `delivery_period`, `weight`, `price`, `avaliability`) VALUES (10, 27, 58, 'Explicabo non ut debitis distinctio.', 0, '2003.3', '0', 9);
INSERT INTO `autoparts`.`detail` (`id`, `modificationId`, `article_code`, `description`, `delivery_period`, `weight`, `price`, `avaliability`) VALUES (11, 33, 45, 'In et error.', 0, '6.10599738', '1.47', 4);
INSERT INTO `autoparts`.`detail` (`id`, `modificationId`, `article_code`, `description`, `delivery_period`, `weight`, `price`, `avaliability`) VALUES (12, 6, 27, 'Ut qui rem voluptatem et ab.', 0, '75.287576429', '416.82845067', 8);
INSERT INTO `autoparts`.`detail` (`id`, `modificationId`, `article_code`, `description`, `delivery_period`, `weight`, `price`, `avaliability`) VALUES (13, 11, 57, 'Et autem voluptas qui harum.', 5, '1223.05328828', '758.81', 2);
INSERT INTO `autoparts`.`detail` (`id`, `modificationId`, `article_code`, `description`, `delivery_period`, `weight`, `price`, `avaliability`) VALUES (14, 22, 9, 'Voluptatem dolor iure sint explicabo.', 3, '27342638', '40768.238573381', 9);
INSERT INTO `autoparts`.`detail` (`id`, `modificationId`, `article_code`, `description`, `delivery_period`, `weight`, `price`, `avaliability`) VALUES (15, 9, 64, 'Autem sit delectus cumque non ad.', 0, '0', '2050.6', 7);
INSERT INTO `autoparts`.`detail` (`id`, `modificationId`, `article_code`, `description`, `delivery_period`, `weight`, `price`, `avaliability`) VALUES (16, 14, 97, 'Hic quod iste in pariatur consequatur.', 7, '5255.6496117', '0', 15);
INSERT INTO `autoparts`.`detail` (`id`, `modificationId`, `article_code`, `description`, `delivery_period`, `weight`, `price`, `avaliability`) VALUES (17, 4, 46, 'Omnis ut porro excepturi adipisci ullam.', 0, '416565.22397', '5.98', 14);
INSERT INTO `autoparts`.`detail` (`id`, `modificationId`, `article_code`, `description`, `delivery_period`, `weight`, `price`, `avaliability`) VALUES (18, 18, 25, 'Dolores saepe voluptatum consequuntur tempore', 0, '32043', '57.07009197', 0);
INSERT INTO `autoparts`.`detail` (`id`, `modificationId`, `article_code`, `description`, `delivery_period`, `weight`, `price`, `avaliability`) VALUES (19, 14, 65, 'Voluptatem error hic inventore rerum.', 0, '863121.7', '0', 2);
INSERT INTO `autoparts`.`detail` (`id`, `modificationId`, `article_code`, `description`, `delivery_period`, `weight`, `price`, `avaliability`) VALUES (20, 36, 54, 'Consequatur quam velit adipisci.', 4, '7834', '0', 8);
INSERT INTO `autoparts`.`detail` (`id`, `modificationId`, `article_code`, `description`, `delivery_period`, `weight`, `price`, `avaliability`) VALUES (21, 23, 46, 'Consequatur animi commodi sint.', 6, '89635.22138677', '72430099.997741', 5);
INSERT INTO `autoparts`.`detail` (`id`, `modificationId`, `article_code`, `description`, `delivery_period`, `weight`, `price`, `avaliability`) VALUES (22, 35, 62, 'Cupiditate consectetur doloribus ut iste sapi', 1, '32023422', '1436772.79', 4);
INSERT INTO `autoparts`.`detail` (`id`, `modificationId`, `article_code`, `description`, `delivery_period`, `weight`, `price`, `avaliability`) VALUES (23, 8, 58, 'Cupiditate cupiditate in.', 5, '879989259.5', '3.707', 8);
INSERT INTO `autoparts`.`detail` (`id`, `modificationId`, `article_code`, `description`, `delivery_period`, `weight`, `price`, `avaliability`) VALUES (24, 22, 92, 'Molestias blanditiis ab porro repellendus et.', 7, '2127.1694', '46.38', 0);
INSERT INTO `autoparts`.`detail` (`id`, `modificationId`, `article_code`, `description`, `delivery_period`, `weight`, `price`, `avaliability`) VALUES (25, 34, 28, 'Vel molestiae natus est.', 6, '125485.4624', '105032.0167', 6);
INSERT INTO `autoparts`.`detail` (`id`, `modificationId`, `article_code`, `description`, `delivery_period`, `weight`, `price`, `avaliability`) VALUES (26, 21, 6, 'Labore quos quae.', 5, '301742855.98', '45070343.869324', 9);
INSERT INTO `autoparts`.`detail` (`id`, `modificationId`, `article_code`, `description`, `delivery_period`, `weight`, `price`, `avaliability`) VALUES (27, 2, 17, 'Perspiciatis consectetur ex nesciunt laborum ', 4, '0', '1699', 1);
INSERT INTO `autoparts`.`detail` (`id`, `modificationId`, `article_code`, `description`, `delivery_period`, `weight`, `price`, `avaliability`) VALUES (28, 14, 0, 'Ut nam natus harum libero corporis.', 3, '1.632', '160.65775', 2);
INSERT INTO `autoparts`.`detail` (`id`, `modificationId`, `article_code`, `description`, `delivery_period`, `weight`, `price`, `avaliability`) VALUES (29, 6, 52, 'Molestiae ab et.', 7, '7445.5', '197172.7', 0);
INSERT INTO `autoparts`.`detail` (`id`, `modificationId`, `article_code`, `description`, `delivery_period`, `weight`, `price`, `avaliability`) VALUES (30, 36, 96, 'Architecto voluptatibus aut quibusdam id.', 5, '5992', '202.735', 8);
INSERT INTO `autoparts`.`detail` (`id`, `modificationId`, `article_code`, `description`, `delivery_period`, `weight`, `price`, `avaliability`) VALUES (31, 45, 80, 'Id dolorem sit minus.', 2, '108.8', '0', 6);
INSERT INTO `autoparts`.`detail` (`id`, `modificationId`, `article_code`, `description`, `delivery_period`, `weight`, `price`, `avaliability`) VALUES (32, 29, 13, 'Dolorem quod eaque dolor id magnam.', 7, '591.12', '49.55787', 9);
INSERT INTO `autoparts`.`detail` (`id`, `modificationId`, `article_code`, `description`, `delivery_period`, `weight`, `price`, `avaliability`) VALUES (33, 8, 60, 'Pariatur maxime voluptas qui harum.', 6, '0', '2802520.7266', 10);
INSERT INTO `autoparts`.`detail` (`id`, `modificationId`, `article_code`, `description`, `delivery_period`, `weight`, `price`, `avaliability`) VALUES (34, 18, 92, 'Ipsam facere sit.', 6, '1.75818', '0', 5);
INSERT INTO `autoparts`.`detail` (`id`, `modificationId`, `article_code`, `description`, `delivery_period`, `weight`, `price`, `avaliability`) VALUES (35, 45, 3, 'Vitae rem exercitationem molestiae.', 4, '6327361', '6936335.9696909', 15);
INSERT INTO `autoparts`.`detail` (`id`, `modificationId`, `article_code`, `description`, `delivery_period`, `weight`, `price`, `avaliability`) VALUES (36, 32, 14, 'Eum optio saepe neque quisquam excepturi.', 5, '265320.15', '0', 11);
INSERT INTO `autoparts`.`detail` (`id`, `modificationId`, `article_code`, `description`, `delivery_period`, `weight`, `price`, `avaliability`) VALUES (37, 6, 14, 'Voluptatem qui quia debitis eius.', 3, '3628.345', '343.26158509', 15);
INSERT INTO `autoparts`.`detail` (`id`, `modificationId`, `article_code`, `description`, `delivery_period`, `weight`, `price`, `avaliability`) VALUES (38, 4, 76, 'Quidem nemo non.', 1, '2111178', '4.1044', 12);
INSERT INTO `autoparts`.`detail` (`id`, `modificationId`, `article_code`, `description`, `delivery_period`, `weight`, `price`, `avaliability`) VALUES (39, 36, 52, 'Recusandae sequi minus praesentium quidem qui', 5, '54400.379938', '2552634', 7);
INSERT INTO `autoparts`.`detail` (`id`, `modificationId`, `article_code`, `description`, `delivery_period`, `weight`, `price`, `avaliability`) VALUES (40, 38, 27, 'Beatae numquam aspernatur error.', 2, '17153.776326881', '2.27', 14);
INSERT INTO `autoparts`.`detail` (`id`, `modificationId`, `article_code`, `description`, `delivery_period`, `weight`, `price`, `avaliability`) VALUES (41, 31, 44, 'Qui quod dignissimos.', 6, '66.14', '2802980', 5);
INSERT INTO `autoparts`.`detail` (`id`, `modificationId`, `article_code`, `description`, `delivery_period`, `weight`, `price`, `avaliability`) VALUES (42, 44, 71, 'Praesentium consequatur dolorum.', 0, '8254922.70818', '0.473986', 14);
INSERT INTO `autoparts`.`detail` (`id`, `modificationId`, `article_code`, `description`, `delivery_period`, `weight`, `price`, `avaliability`) VALUES (43, 9, 15, 'Labore in ut aut optio earum.', 1, '1111.310244078', '679.195347596', 8);
INSERT INTO `autoparts`.`detail` (`id`, `modificationId`, `article_code`, `description`, `delivery_period`, `weight`, `price`, `avaliability`) VALUES (44, 30, 10, 'Consectetur molestiae numquam.', 2, '254206337.56249', '1001.4487845', 13);
INSERT INTO `autoparts`.`detail` (`id`, `modificationId`, `article_code`, `description`, `delivery_period`, `weight`, `price`, `avaliability`) VALUES (45, 17, 93, 'Eaque eum aperiam voluptate incidunt.', 0, '6', '1902.410538', 7);
INSERT INTO `autoparts`.`detail` (`id`, `modificationId`, `article_code`, `description`, `delivery_period`, `weight`, `price`, `avaliability`) VALUES (46, 11, 95, 'Quae laudantium distinctio eos.', 0, '665879.627627', '18.234914', 8);
INSERT INTO `autoparts`.`detail` (`id`, `modificationId`, `article_code`, `description`, `delivery_period`, `weight`, `price`, `avaliability`) VALUES (47, 29, 13, 'Sint enim et.', 5, '117815', '0.69', 4);
INSERT INTO `autoparts`.`detail` (`id`, `modificationId`, `article_code`, `description`, `delivery_period`, `weight`, `price`, `avaliability`) VALUES (48, 7, 76, 'Repudiandae reiciendis libero vel sunt volupt', 3, '42957.7101505', '0', 15);
INSERT INTO `autoparts`.`detail` (`id`, `modificationId`, `article_code`, `description`, `delivery_period`, `weight`, `price`, `avaliability`) VALUES (49, 24, 67, 'Totam facilis velit quisquam eum.', 4, '3.304375', '573114.03271479', 14);
INSERT INTO `autoparts`.`detail` (`id`, `modificationId`, `article_code`, `description`, `delivery_period`, `weight`, `price`, `avaliability`) VALUES (50, 31, 84, 'Molestiae explicabo reiciendis ea.', 2, '0', '47303670.5737', 14);
INSERT INTO `autoparts`.`detail` (`id`, `modificationId`, `article_code`, `description`, `delivery_period`, `weight`, `price`, `avaliability`) VALUES (51, 42, 96, 'Veritatis quos iure.', 2, '2708.539', '13.6', 9);
INSERT INTO `autoparts`.`detail` (`id`, `modificationId`, `article_code`, `description`, `delivery_period`, `weight`, `price`, `avaliability`) VALUES (52, 34, 19, 'Et ut eos ea.', 0, '21711531.96676', '60747969.800151', 10);
INSERT INTO `autoparts`.`detail` (`id`, `modificationId`, `article_code`, `description`, `delivery_period`, `weight`, `price`, `avaliability`) VALUES (53, 43, 23, 'Laborum iusto eveniet qui.', 1, '785.527301', '0', 5);
INSERT INTO `autoparts`.`detail` (`id`, `modificationId`, `article_code`, `description`, `delivery_period`, `weight`, `price`, `avaliability`) VALUES (54, 11, 19, 'Et et et error explicabo.', 4, '68.493083', '8.1243', 10);
INSERT INTO `autoparts`.`detail` (`id`, `modificationId`, `article_code`, `description`, `delivery_period`, `weight`, `price`, `avaliability`) VALUES (55, 3, 58, 'Et possimus dolorem est ratione.', 0, '0.28', '38726937.6748', 13);
INSERT INTO `autoparts`.`detail` (`id`, `modificationId`, `article_code`, `description`, `delivery_period`, `weight`, `price`, `avaliability`) VALUES (56, 16, 71, 'Aliquid ut delectus.', 7, '7800053.9026704', '2018875.6295511', 13);
INSERT INTO `autoparts`.`detail` (`id`, `modificationId`, `article_code`, `description`, `delivery_period`, `weight`, `price`, `avaliability`) VALUES (57, 33, 21, 'Omnis temporibus et corporis.', 0, '540.48049789', '20676.26995968', 10);
INSERT INTO `autoparts`.`detail` (`id`, `modificationId`, `article_code`, `description`, `delivery_period`, `weight`, `price`, `avaliability`) VALUES (58, 34, 72, 'Sint qui amet mollitia qui.', 1, '0', '13134505.646137', 3);
INSERT INTO `autoparts`.`detail` (`id`, `modificationId`, `article_code`, `description`, `delivery_period`, `weight`, `price`, `avaliability`) VALUES (59, 21, 11, 'Laborum qui et.', 7, '424612.2513054', '61484435', 2);
INSERT INTO `autoparts`.`detail` (`id`, `modificationId`, `article_code`, `description`, `delivery_period`, `weight`, `price`, `avaliability`) VALUES (60, 34, 95, 'Possimus minima repellendus eius cupiditate.', 5, '1328.50487815', '9942.12244296', 1);
INSERT INTO `autoparts`.`detail` (`id`, `modificationId`, `article_code`, `description`, `delivery_period`, `weight`, `price`, `avaliability`) VALUES (61, 17, 75, 'Sit praesentium harum earum.', 0, '6410869.055', '0', 0);
INSERT INTO `autoparts`.`detail` (`id`, `modificationId`, `article_code`, `description`, `delivery_period`, `weight`, `price`, `avaliability`) VALUES (62, 38, 68, 'Voluptate placeat quam.', 0, '2822.936', '0.072382', 1);
INSERT INTO `autoparts`.`detail` (`id`, `modificationId`, `article_code`, `description`, `delivery_period`, `weight`, `price`, `avaliability`) VALUES (63, 40, 70, 'Autem voluptas aut omnis.', 0, '3694102.6', '0', 9);
INSERT INTO `autoparts`.`detail` (`id`, `modificationId`, `article_code`, `description`, `delivery_period`, `weight`, `price`, `avaliability`) VALUES (64, 13, 83, 'Fugit qui voluptatum adipisci.', 7, '7.758435969', '619.96242', 1);
INSERT INTO `autoparts`.`detail` (`id`, `modificationId`, `article_code`, `description`, `delivery_period`, `weight`, `price`, `avaliability`) VALUES (65, 19, 62, 'Fugit molestias nemo.', 6, '67499.05', '226391.1796059', 15);
INSERT INTO `autoparts`.`detail` (`id`, `modificationId`, `article_code`, `description`, `delivery_period`, `weight`, `price`, `avaliability`) VALUES (66, 25, 78, 'Sed qui nam.', 6, '5.274', '450.87391', 8);
INSERT INTO `autoparts`.`detail` (`id`, `modificationId`, `article_code`, `description`, `delivery_period`, `weight`, `price`, `avaliability`) VALUES (67, 5, 29, 'Modi aut consequuntur velit et nulla.', 4, '0', '3.359', 14);
INSERT INTO `autoparts`.`detail` (`id`, `modificationId`, `article_code`, `description`, `delivery_period`, `weight`, `price`, `avaliability`) VALUES (68, 19, 44, 'Repellendus dolor dolor harum suscipit assume', 2, '4.99', '42.4842', 12);
INSERT INTO `autoparts`.`detail` (`id`, `modificationId`, `article_code`, `description`, `delivery_period`, `weight`, `price`, `avaliability`) VALUES (69, 41, 86, 'Eius est vel et qui.', 1, '845321.32715', '2835329.399', 4);
INSERT INTO `autoparts`.`detail` (`id`, `modificationId`, `article_code`, `description`, `delivery_period`, `weight`, `price`, `avaliability`) VALUES (70, 31, 71, 'Doloribus eius recusandae laborum in.', 2, '3.67137872', '0', 4);
INSERT INTO `autoparts`.`detail` (`id`, `modificationId`, `article_code`, `description`, `delivery_period`, `weight`, `price`, `avaliability`) VALUES (71, 21, 4, 'Vero aut quisquam.', 5, '1380.1', '657276640.09708', 14);
INSERT INTO `autoparts`.`detail` (`id`, `modificationId`, `article_code`, `description`, `delivery_period`, `weight`, `price`, `avaliability`) VALUES (72, 37, 59, 'In cumque et neque.', 6, '2069.7', '4808938.829', 14);
INSERT INTO `autoparts`.`detail` (`id`, `modificationId`, `article_code`, `description`, `delivery_period`, `weight`, `price`, `avaliability`) VALUES (73, 18, 35, 'Accusamus reiciendis tempora.', 4, '1', '12', 13);
INSERT INTO `autoparts`.`detail` (`id`, `modificationId`, `article_code`, `description`, `delivery_period`, `weight`, `price`, `avaliability`) VALUES (74, 10, 90, 'Quas ipsam ex quam sit voluptas.', 5, '403.29221194', '1169.1918', 14);
INSERT INTO `autoparts`.`detail` (`id`, `modificationId`, `article_code`, `description`, `delivery_period`, `weight`, `price`, `avaliability`) VALUES (75, 23, 76, 'Omnis sapiente eligendi quam voluptas dolorib', 6, '28604.29', '7792.47173025', 1);
INSERT INTO `autoparts`.`detail` (`id`, `modificationId`, `article_code`, `description`, `delivery_period`, `weight`, `price`, `avaliability`) VALUES (76, 1, 48, 'Tempora quae rerum at.', 4, '69.679', '591.67', 3);
INSERT INTO `autoparts`.`detail` (`id`, `modificationId`, `article_code`, `description`, `delivery_period`, `weight`, `price`, `avaliability`) VALUES (77, 17, 19, 'Inventore aperiam ullam ipsum ut.', 6, '45.161', '1792369.3', 5);
INSERT INTO `autoparts`.`detail` (`id`, `modificationId`, `article_code`, `description`, `delivery_period`, `weight`, `price`, `avaliability`) VALUES (78, 12, 6, 'Explicabo rem consequatur.', 0, '216.4', '3403798.4614132', 7);
INSERT INTO `autoparts`.`detail` (`id`, `modificationId`, `article_code`, `description`, `delivery_period`, `weight`, `price`, `avaliability`) VALUES (79, 12, 15, 'Nisi ut quibusdam.', 1, '74.8128', '44590.84759199', 3);
INSERT INTO `autoparts`.`detail` (`id`, `modificationId`, `article_code`, `description`, `delivery_period`, `weight`, `price`, `avaliability`) VALUES (80, 30, 26, 'Iste quos eveniet rerum.', 2, '86.8', '488.1196187', 6);
INSERT INTO `autoparts`.`detail` (`id`, `modificationId`, `article_code`, `description`, `delivery_period`, `weight`, `price`, `avaliability`) VALUES (81, 9, 89, 'Consequuntur culpa qui quos minus quia.', 1, '57238.54190645', '29208611.0311', 1);
INSERT INTO `autoparts`.`detail` (`id`, `modificationId`, `article_code`, `description`, `delivery_period`, `weight`, `price`, `avaliability`) VALUES (82, 23, 62, 'Molestiae ex ut.', 0, '48899.03171', '0', 12);
INSERT INTO `autoparts`.`detail` (`id`, `modificationId`, `article_code`, `description`, `delivery_period`, `weight`, `price`, `avaliability`) VALUES (83, 18, 72, 'Sit cupiditate eum et omnis.', 5, '313262.555814', '118', 11);
INSERT INTO `autoparts`.`detail` (`id`, `modificationId`, `article_code`, `description`, `delivery_period`, `weight`, `price`, `avaliability`) VALUES (84, 44, 6, 'Fuga aliquam itaque saepe.', 5, '2602.62359', '106', 6);
INSERT INTO `autoparts`.`detail` (`id`, `modificationId`, `article_code`, `description`, `delivery_period`, `weight`, `price`, `avaliability`) VALUES (85, 1, 96, 'Voluptate voluptatem id voluptatem.', 5, '378028.0116473', '154718279', 9);
INSERT INTO `autoparts`.`detail` (`id`, `modificationId`, `article_code`, `description`, `delivery_period`, `weight`, `price`, `avaliability`) VALUES (86, 11, 28, 'Est enim dolorum molestias sed.', 7, '2966087.7', '100.429378', 13);
INSERT INTO `autoparts`.`detail` (`id`, `modificationId`, `article_code`, `description`, `delivery_period`, `weight`, `price`, `avaliability`) VALUES (87, 10, 39, 'Consequatur inventore quasi aliquam.', 1, '56', '2824', 1);
INSERT INTO `autoparts`.`detail` (`id`, `modificationId`, `article_code`, `description`, `delivery_period`, `weight`, `price`, `avaliability`) VALUES (88, 28, 79, 'Eos est voluptatem at eum.', 6, '129.12582711', '1477', 14);
INSERT INTO `autoparts`.`detail` (`id`, `modificationId`, `article_code`, `description`, `delivery_period`, `weight`, `price`, `avaliability`) VALUES (89, 2, 36, 'Veritatis fugit quae.', 4, '3.851', '84833084.003644', 6);
INSERT INTO `autoparts`.`detail` (`id`, `modificationId`, `article_code`, `description`, `delivery_period`, `weight`, `price`, `avaliability`) VALUES (90, 18, 23, 'Nostrum reprehenderit non et voluptas soluta.', 1, '5110754.8', '0', 8);
INSERT INTO `autoparts`.`detail` (`id`, `modificationId`, `article_code`, `description`, `delivery_period`, `weight`, `price`, `avaliability`) VALUES (91, 9, 54, 'Quaerat rerum laboriosam illum.', 2, '7869673.9', '6321955.791424', 2);
INSERT INTO `autoparts`.`detail` (`id`, `modificationId`, `article_code`, `description`, `delivery_period`, `weight`, `price`, `avaliability`) VALUES (92, 6, 7, 'Non quia omnis consequatur.', 2, '2071751.3', '7183.51298', 13);
INSERT INTO `autoparts`.`detail` (`id`, `modificationId`, `article_code`, `description`, `delivery_period`, `weight`, `price`, `avaliability`) VALUES (93, 19, 11, 'Sequi voluptates corporis eum et.', 3, '3522.077', '38', 2);
INSERT INTO `autoparts`.`detail` (`id`, `modificationId`, `article_code`, `description`, `delivery_period`, `weight`, `price`, `avaliability`) VALUES (94, 18, 28, 'Quia sint voluptatibus enim praesentium asper', 6, '0', '16.0373', 12);
INSERT INTO `autoparts`.`detail` (`id`, `modificationId`, `article_code`, `description`, `delivery_period`, `weight`, `price`, `avaliability`) VALUES (95, 13, 78, 'Exercitationem perspiciatis officia qui paria', 6, '2', '5115246.6', 15);
INSERT INTO `autoparts`.`detail` (`id`, `modificationId`, `article_code`, `description`, `delivery_period`, `weight`, `price`, `avaliability`) VALUES (96, 9, 13, 'Quo atque minus quas.', 3, '9.52', '13441744.169207', 8);
INSERT INTO `autoparts`.`detail` (`id`, `modificationId`, `article_code`, `description`, `delivery_period`, `weight`, `price`, `avaliability`) VALUES (97, 15, 39, 'Nihil accusantium molestiae veritatis assumen', 4, '47485.263', '0', 14);
INSERT INTO `autoparts`.`detail` (`id`, `modificationId`, `article_code`, `description`, `delivery_period`, `weight`, `price`, `avaliability`) VALUES (98, 22, 7, 'Voluptatem dicta veritatis ad.', 1, '8151.22', '54.172452', 12);
INSERT INTO `autoparts`.`detail` (`id`, `modificationId`, `article_code`, `description`, `delivery_period`, `weight`, `price`, `avaliability`) VALUES (99, 21, 70, 'Hic dolor quia.', 5, '25921718.2259', '230262.360606', 1);
INSERT INTO `autoparts`.`detail` (`id`, `modificationId`, `article_code`, `description`, `delivery_period`, `weight`, `price`, `avaliability`) VALUES (100, 31, 78, 'Sed libero dolorem sit dicta.', 1, '1.91', '0.4798', 1);
INSERT INTO `autoparts`.`detail` (`id`, `modificationId`, `article_code`, `description`, `delivery_period`, `weight`, `price`, `avaliability`) VALUES (101, 4, 27, 'Ea explicabo incidunt.', 3, '198.4544', '14661', 7);
INSERT INTO `autoparts`.`detail` (`id`, `modificationId`, `article_code`, `description`, `delivery_period`, `weight`, `price`, `avaliability`) VALUES (102, 39, 56, 'Magni at accusantium.', 2, '3339.18760051', '670448', 8);
INSERT INTO `autoparts`.`detail` (`id`, `modificationId`, `article_code`, `description`, `delivery_period`, `weight`, `price`, `avaliability`) VALUES (103, 17, 77, 'Sit earum cumque voluptas doloremque dolores.', 6, '1173.06505', '693182.21916041', 5);
INSERT INTO `autoparts`.`detail` (`id`, `modificationId`, `article_code`, `description`, `delivery_period`, `weight`, `price`, `avaliability`) VALUES (104, 3, 24, 'Accusamus eos quidem ab accusamus.', 1, '612168.9388807', '146.9429', 11);
INSERT INTO `autoparts`.`detail` (`id`, `modificationId`, `article_code`, `description`, `delivery_period`, `weight`, `price`, `avaliability`) VALUES (105, 20, 94, 'Pariatur perferendis est.', 5, '4277519.46', '72492788.97', 5);
INSERT INTO `autoparts`.`detail` (`id`, `modificationId`, `article_code`, `description`, `delivery_period`, `weight`, `price`, `avaliability`) VALUES (106, 41, 4, 'Culpa fuga doloribus deserunt dolores iste.', 6, '317874.21848107', '3700.22', 1);
INSERT INTO `autoparts`.`detail` (`id`, `modificationId`, `article_code`, `description`, `delivery_period`, `weight`, `price`, `avaliability`) VALUES (107, 41, 91, 'Cupiditate rerum aut.', 6, '28172.58453', '443.284491935', 10);
INSERT INTO `autoparts`.`detail` (`id`, `modificationId`, `article_code`, `description`, `delivery_period`, `weight`, `price`, `avaliability`) VALUES (108, 2, 55, 'Occaecati eum consequuntur.', 7, '1.99027', '1196110.4230001', 7);
INSERT INTO `autoparts`.`detail` (`id`, `modificationId`, `article_code`, `description`, `delivery_period`, `weight`, `price`, `avaliability`) VALUES (109, 33, 39, 'Qui non architecto.', 4, '311272.5416499', '8197.29692717', 2);
INSERT INTO `autoparts`.`detail` (`id`, `modificationId`, `article_code`, `description`, `delivery_period`, `weight`, `price`, `avaliability`) VALUES (110, 26, 33, 'Nesciunt maiores et eaque odio.', 3, '3845.671797', '334295.13455671', 8);
INSERT INTO `autoparts`.`detail` (`id`, `modificationId`, `article_code`, `description`, `delivery_period`, `weight`, `price`, `avaliability`) VALUES (111, 24, 4, 'Qui minima possimus itaque aut.', 0, '0.9845711', '408034769.98644', 9);
INSERT INTO `autoparts`.`detail` (`id`, `modificationId`, `article_code`, `description`, `delivery_period`, `weight`, `price`, `avaliability`) VALUES (112, 22, 62, 'Sit eaque ut accusantium.', 0, '461824343.9', '4730.262113', 7);
INSERT INTO `autoparts`.`detail` (`id`, `modificationId`, `article_code`, `description`, `delivery_period`, `weight`, `price`, `avaliability`) VALUES (113, 27, 11, 'Aspernatur pariatur sit rerum.', 7, '1589366.4670007', '0', 6);
INSERT INTO `autoparts`.`detail` (`id`, `modificationId`, `article_code`, `description`, `delivery_period`, `weight`, `price`, `avaliability`) VALUES (114, 20, 69, 'Soluta consequatur quis sapiente natus.', 4, '4226.4169', '4.11', 1);
INSERT INTO `autoparts`.`detail` (`id`, `modificationId`, `article_code`, `description`, `delivery_period`, `weight`, `price`, `avaliability`) VALUES (115, 22, 36, 'Excepturi est voluptas.', 7, '9525.4450339', '244213.629', 2);
INSERT INTO `autoparts`.`detail` (`id`, `modificationId`, `article_code`, `description`, `delivery_period`, `weight`, `price`, `avaliability`) VALUES (116, 45, 51, 'Architecto facere aut ea aut.', 7, '119884423.4541', '594017.9895', 8);
INSERT INTO `autoparts`.`detail` (`id`, `modificationId`, `article_code`, `description`, `delivery_period`, `weight`, `price`, `avaliability`) VALUES (117, 5, 93, 'Voluptatem repellat enim sit.', 5, '201212642.98164', '7.17508598', 13);
INSERT INTO `autoparts`.`detail` (`id`, `modificationId`, `article_code`, `description`, `delivery_period`, `weight`, `price`, `avaliability`) VALUES (118, 8, 77, 'Quibusdam aliquid blanditiis porro maxime.', 7, '3655', '3.7309', 2);
INSERT INTO `autoparts`.`detail` (`id`, `modificationId`, `article_code`, `description`, `delivery_period`, `weight`, `price`, `avaliability`) VALUES (119, 8, 54, 'Et debitis autem ut.', 1, '105614.89184933', '313569352.22655', 0);
INSERT INTO `autoparts`.`detail` (`id`, `modificationId`, `article_code`, `description`, `delivery_period`, `weight`, `price`, `avaliability`) VALUES (120, 7, 94, 'Et quia et.', 0, '39.20891', '280765888.4216', 13);
INSERT INTO `autoparts`.`detail` (`id`, `modificationId`, `article_code`, `description`, `delivery_period`, `weight`, `price`, `avaliability`) VALUES (121, 36, 23, 'Omnis sed reiciendis.', 3, '698904.8', '789156.29424819', 6);
INSERT INTO `autoparts`.`detail` (`id`, `modificationId`, `article_code`, `description`, `delivery_period`, `weight`, `price`, `avaliability`) VALUES (122, 25, 35, 'Est dolorem quidem exercitationem.', 1, '35.69', '5324.511775', 8);
INSERT INTO `autoparts`.`detail` (`id`, `modificationId`, `article_code`, `description`, `delivery_period`, `weight`, `price`, `avaliability`) VALUES (123, 39, 30, 'Assumenda dolores eos perferendis ut.', 3, '5545', '1229630.8775', 10);
INSERT INTO `autoparts`.`detail` (`id`, `modificationId`, `article_code`, `description`, `delivery_period`, `weight`, `price`, `avaliability`) VALUES (124, 13, 78, 'Perferendis dolores ut pariatur sunt.', 2, '35382', '9793.0333', 13);
INSERT INTO `autoparts`.`detail` (`id`, `modificationId`, `article_code`, `description`, `delivery_period`, `weight`, `price`, `avaliability`) VALUES (125, 28, 60, 'A rerum eligendi.', 1, '0', '220.15591', 8);
INSERT INTO `autoparts`.`detail` (`id`, `modificationId`, `article_code`, `description`, `delivery_period`, `weight`, `price`, `avaliability`) VALUES (126, 17, 94, 'Consequuntur minima quam exercitationem.', 2, '45667.5590483', '13380.35545755', 15);
INSERT INTO `autoparts`.`detail` (`id`, `modificationId`, `article_code`, `description`, `delivery_period`, `weight`, `price`, `avaliability`) VALUES (127, 3, 63, 'Dolorem culpa natus quaerat excepturi velit.', 4, '130893160.75802', '206.8', 0);
INSERT INTO `autoparts`.`detail` (`id`, `modificationId`, `article_code`, `description`, `delivery_period`, `weight`, `price`, `avaliability`) VALUES (128, 42, 9, 'Magni sed sint necessitatibus voluptas aspern', 0, '174143.822681', '45.02', 5);
INSERT INTO `autoparts`.`detail` (`id`, `modificationId`, `article_code`, `description`, `delivery_period`, `weight`, `price`, `avaliability`) VALUES (129, 43, 10, 'Voluptates voluptatibus amet reprehenderit do', 3, '426404.88905972', '0', 1);
INSERT INTO `autoparts`.`detail` (`id`, `modificationId`, `article_code`, `description`, `delivery_period`, `weight`, `price`, `avaliability`) VALUES (130, 18, 75, 'At laboriosam maiores corrupti.', 6, '18901.12074', '9.375', 5);
INSERT INTO `autoparts`.`detail` (`id`, `modificationId`, `article_code`, `description`, `delivery_period`, `weight`, `price`, `avaliability`) VALUES (131, 26, 97, 'At qui sed velit maiores et.', 4, '0', '10845830.0512', 8);
INSERT INTO `autoparts`.`detail` (`id`, `modificationId`, `article_code`, `description`, `delivery_period`, `weight`, `price`, `avaliability`) VALUES (132, 5, 48, 'Assumenda maxime non.', 2, '38430.7888689', '860917.41307', 10);
INSERT INTO `autoparts`.`detail` (`id`, `modificationId`, `article_code`, `description`, `delivery_period`, `weight`, `price`, `avaliability`) VALUES (133, 16, 51, 'Quisquam aspernatur praesentium et ut recusan', 4, '1', '64.6900663', 12);
INSERT INTO `autoparts`.`detail` (`id`, `modificationId`, `article_code`, `description`, `delivery_period`, `weight`, `price`, `avaliability`) VALUES (134, 33, 13, 'Placeat quo voluptate illum.', 6, '2.71201', '4749018.5763877', 5);
INSERT INTO `autoparts`.`detail` (`id`, `modificationId`, `article_code`, `description`, `delivery_period`, `weight`, `price`, `avaliability`) VALUES (135, 27, 11, 'Natus consequatur beatae sapiente.', 1, '0', '126.563298', 4);
INSERT INTO `autoparts`.`detail` (`id`, `modificationId`, `article_code`, `description`, `delivery_period`, `weight`, `price`, `avaliability`) VALUES (136, 25, 16, 'Soluta esse vel aperiam.', 0, '10.32', '0', 5);
INSERT INTO `autoparts`.`detail` (`id`, `modificationId`, `article_code`, `description`, `delivery_period`, `weight`, `price`, `avaliability`) VALUES (137, 44, 36, 'Corporis omnis ullam.', 4, '105064155.50651', '6363.1', 1);
INSERT INTO `autoparts`.`detail` (`id`, `modificationId`, `article_code`, `description`, `delivery_period`, `weight`, `price`, `avaliability`) VALUES (138, 15, 44, 'Nobis et consequatur nulla eius.', 3, '41406.6', '141911545.28843', 4);
INSERT INTO `autoparts`.`detail` (`id`, `modificationId`, `article_code`, `description`, `delivery_period`, `weight`, `price`, `avaliability`) VALUES (139, 33, 40, 'Eaque ut blanditiis alias quo.', 2, '1277.08', '6387785', 11);
INSERT INTO `autoparts`.`detail` (`id`, `modificationId`, `article_code`, `description`, `delivery_period`, `weight`, `price`, `avaliability`) VALUES (140, 33, 8, 'Nulla ut odio ipsam.', 2, '0', '532.264343152', 13);
INSERT INTO `autoparts`.`detail` (`id`, `modificationId`, `article_code`, `description`, `delivery_period`, `weight`, `price`, `avaliability`) VALUES (141, 9, 83, 'Asperiores sed possimus quas dolorem.', 3, '185984298.421', '21653.489486', 4);
INSERT INTO `autoparts`.`detail` (`id`, `modificationId`, `article_code`, `description`, `delivery_period`, `weight`, `price`, `avaliability`) VALUES (142, 29, 9, 'Eum blanditiis qui et sunt recusandae.', 3, '382608537.3', '38.9', 8);
INSERT INTO `autoparts`.`detail` (`id`, `modificationId`, `article_code`, `description`, `delivery_period`, `weight`, `price`, `avaliability`) VALUES (143, 3, 75, 'Consequatur accusantium ratione omnis.', 7, '4045893.9', '15.5624', 15);
INSERT INTO `autoparts`.`detail` (`id`, `modificationId`, `article_code`, `description`, `delivery_period`, `weight`, `price`, `avaliability`) VALUES (144, 41, 16, 'Id odit accusamus sunt.', 0, '52000276.2792', '39.69611916', 1);
INSERT INTO `autoparts`.`detail` (`id`, `modificationId`, `article_code`, `description`, `delivery_period`, `weight`, `price`, `avaliability`) VALUES (145, 37, 87, 'Eligendi voluptate ipsum repudiandae.', 2, '1813.548878', '44', 8);
INSERT INTO `autoparts`.`detail` (`id`, `modificationId`, `article_code`, `description`, `delivery_period`, `weight`, `price`, `avaliability`) VALUES (146, 16, 27, 'Laboriosam libero dolore omnis consequatur qu', 4, '2493862.6331202', '147.458241', 0);
INSERT INTO `autoparts`.`detail` (`id`, `modificationId`, `article_code`, `description`, `delivery_period`, `weight`, `price`, `avaliability`) VALUES (147, 24, 94, 'Quam alias dolorum consequatur ut reiciendis.', 6, '113024.02311', '38439027.54', 6);
INSERT INTO `autoparts`.`detail` (`id`, `modificationId`, `article_code`, `description`, `delivery_period`, `weight`, `price`, `avaliability`) VALUES (148, 33, 72, 'Minus facilis laudantium sit.', 3, '0', '64617.24753', 12);
INSERT INTO `autoparts`.`detail` (`id`, `modificationId`, `article_code`, `description`, `delivery_period`, `weight`, `price`, `avaliability`) VALUES (149, 45, 82, 'Sit quae qui culpa.', 5, '55751.07998673', '835218.1413984', 12);
INSERT INTO `autoparts`.`detail` (`id`, `modificationId`, `article_code`, `description`, `delivery_period`, `weight`, `price`, `avaliability`) VALUES (150, 40, 22, 'Quis atque hic libero possimus.', 7, '1.379402678', '19.4', 15);
INSERT INTO `autoparts`.`detail` (`id`, `modificationId`, `article_code`, `description`, `delivery_period`, `weight`, `price`, `avaliability`) VALUES (151, 41, 47, 'Quia eum sed.', 7, '1347', '611.137', 14);
INSERT INTO `autoparts`.`detail` (`id`, `modificationId`, `article_code`, `description`, `delivery_period`, `weight`, `price`, `avaliability`) VALUES (152, 30, 78, 'Repudiandae consequatur reiciendis impedit cu', 3, '7631917.73102', '34.95135', 5);
INSERT INTO `autoparts`.`detail` (`id`, `modificationId`, `article_code`, `description`, `delivery_period`, `weight`, `price`, `avaliability`) VALUES (153, 36, 5, 'Soluta maxime ratione.', 5, '490856.8901', '15851226.7', 8);
INSERT INTO `autoparts`.`detail` (`id`, `modificationId`, `article_code`, `description`, `delivery_period`, `weight`, `price`, `avaliability`) VALUES (154, 45, 58, 'Non temporibus voluptatem quia et atque.', 3, '9.6077577', '0', 6);
INSERT INTO `autoparts`.`detail` (`id`, `modificationId`, `article_code`, `description`, `delivery_period`, `weight`, `price`, `avaliability`) VALUES (155, 39, 5, 'Pariatur repellat voluptatem voluptas ea in.', 4, '51.384135', '2.68705', 13);
INSERT INTO `autoparts`.`detail` (`id`, `modificationId`, `article_code`, `description`, `delivery_period`, `weight`, `price`, `avaliability`) VALUES (156, 31, 24, 'Dolore libero omnis quo quod dignissimos.', 3, '1.381892635', '8593114.43672', 4);
INSERT INTO `autoparts`.`detail` (`id`, `modificationId`, `article_code`, `description`, `delivery_period`, `weight`, `price`, `avaliability`) VALUES (157, 18, 63, 'Ut temporibus autem itaque sit.', 5, '41.85018', '247.5629', 13);
INSERT INTO `autoparts`.`detail` (`id`, `modificationId`, `article_code`, `description`, `delivery_period`, `weight`, `price`, `avaliability`) VALUES (158, 20, 55, 'Dolorem sunt saepe impedit.', 4, '1161834.018', '7.056', 13);
INSERT INTO `autoparts`.`detail` (`id`, `modificationId`, `article_code`, `description`, `delivery_period`, `weight`, `price`, `avaliability`) VALUES (159, 26, 38, 'Incidunt ea rerum qui aut.', 1, '0', '8536356.2164003', 8);
INSERT INTO `autoparts`.`detail` (`id`, `modificationId`, `article_code`, `description`, `delivery_period`, `weight`, `price`, `avaliability`) VALUES (160, 4, 93, 'Temporibus illo pariatur dignissimos voluptat', 4, '23905031.870818', '0', 6);
INSERT INTO `autoparts`.`detail` (`id`, `modificationId`, `article_code`, `description`, `delivery_period`, `weight`, `price`, `avaliability`) VALUES (161, 29, 45, 'Ea aperiam rem ab facere excepturi.', 3, '38863456.66', '10.55514528', 13);
INSERT INTO `autoparts`.`detail` (`id`, `modificationId`, `article_code`, `description`, `delivery_period`, `weight`, `price`, `avaliability`) VALUES (162, 10, 47, 'Quas delectus qui dolorem.', 5, '0.9339032', '195984.9', 14);
INSERT INTO `autoparts`.`detail` (`id`, `modificationId`, `article_code`, `description`, `delivery_period`, `weight`, `price`, `avaliability`) VALUES (163, 24, 81, 'Cum vel voluptate non fugit.', 2, '7.7', '38.07369541', 4);
INSERT INTO `autoparts`.`detail` (`id`, `modificationId`, `article_code`, `description`, `delivery_period`, `weight`, `price`, `avaliability`) VALUES (164, 28, 50, 'Est mollitia vero quia.', 3, '6400128.173348', '204340.28873', 8);
INSERT INTO `autoparts`.`detail` (`id`, `modificationId`, `article_code`, `description`, `delivery_period`, `weight`, `price`, `avaliability`) VALUES (165, 24, 78, 'Nostrum inventore aut sint.', 7, '45.28933', '625.562', 3);
INSERT INTO `autoparts`.`detail` (`id`, `modificationId`, `article_code`, `description`, `delivery_period`, `weight`, `price`, `avaliability`) VALUES (166, 12, 25, 'Iste et ipsa et.', 1, '299.506965909', '258.86216186', 0);
INSERT INTO `autoparts`.`detail` (`id`, `modificationId`, `article_code`, `description`, `delivery_period`, `weight`, `price`, `avaliability`) VALUES (167, 27, 92, 'Sequi consequatur corrupti.', 7, '0', '771956.0695971', 9);
INSERT INTO `autoparts`.`detail` (`id`, `modificationId`, `article_code`, `description`, `delivery_period`, `weight`, `price`, `avaliability`) VALUES (168, 24, 61, 'Sed minima voluptas adipisci maiores.', 3, '0', '49948142.14', 1);
INSERT INTO `autoparts`.`detail` (`id`, `modificationId`, `article_code`, `description`, `delivery_period`, `weight`, `price`, `avaliability`) VALUES (169, 43, 11, 'Aut beatae commodi perferendis.', 3, '533.823379', '5051364.97907', 4);
INSERT INTO `autoparts`.`detail` (`id`, `modificationId`, `article_code`, `description`, `delivery_period`, `weight`, `price`, `avaliability`) VALUES (170, 43, 57, 'Id sint aut.', 0, '5.69', '439144.6315197', 10);
INSERT INTO `autoparts`.`detail` (`id`, `modificationId`, `article_code`, `description`, `delivery_period`, `weight`, `price`, `avaliability`) VALUES (171, 29, 46, 'Iste impedit quis vitae voluptatem.', 6, '0', '2251.784', 5);
INSERT INTO `autoparts`.`detail` (`id`, `modificationId`, `article_code`, `description`, `delivery_period`, `weight`, `price`, `avaliability`) VALUES (172, 2, 43, 'Temporibus non qui ut est.', 4, '2995.84', '0', 3);
INSERT INTO `autoparts`.`detail` (`id`, `modificationId`, `article_code`, `description`, `delivery_period`, `weight`, `price`, `avaliability`) VALUES (173, 31, 71, 'Possimus perferendis alias.', 5, '4821.36751', '26345875.571382', 15);
INSERT INTO `autoparts`.`detail` (`id`, `modificationId`, `article_code`, `description`, `delivery_period`, `weight`, `price`, `avaliability`) VALUES (174, 39, 85, 'Aperiam voluptas quis quia aut.', 4, '260068.52', '682848.11912268', 6);
INSERT INTO `autoparts`.`detail` (`id`, `modificationId`, `article_code`, `description`, `delivery_period`, `weight`, `price`, `avaliability`) VALUES (175, 23, 0, 'Eligendi nihil aperiam.', 4, '119.9574455', '170697379.21769', 8);
INSERT INTO `autoparts`.`detail` (`id`, `modificationId`, `article_code`, `description`, `delivery_period`, `weight`, `price`, `avaliability`) VALUES (176, 6, 91, 'Doloribus reiciendis molestiae temporibus mol', 7, '877.25353396', '55.6', 13);
INSERT INTO `autoparts`.`detail` (`id`, `modificationId`, `article_code`, `description`, `delivery_period`, `weight`, `price`, `avaliability`) VALUES (177, 2, 23, 'Voluptatem aut dolorem.', 1, '123716.4047345', '1044.8178213', 5);
INSERT INTO `autoparts`.`detail` (`id`, `modificationId`, `article_code`, `description`, `delivery_period`, `weight`, `price`, `avaliability`) VALUES (178, 34, 15, 'Animi culpa aut molestias.', 5, '1.96', '4844.06502274', 0);
INSERT INTO `autoparts`.`detail` (`id`, `modificationId`, `article_code`, `description`, `delivery_period`, `weight`, `price`, `avaliability`) VALUES (179, 34, 24, 'Ipsum consequatur quia tempore eos.', 7, '547344.96383721', '28.616', 4);
INSERT INTO `autoparts`.`detail` (`id`, `modificationId`, `article_code`, `description`, `delivery_period`, `weight`, `price`, `avaliability`) VALUES (180, 29, 43, 'Quibusdam dolor perferendis eius possimus par', 7, '41252.4368', '0', 14);
INSERT INTO `autoparts`.`detail` (`id`, `modificationId`, `article_code`, `description`, `delivery_period`, `weight`, `price`, `avaliability`) VALUES (181, 41, 50, 'Perferendis autem eum.', 2, '33317.365641', '63.4', 1);
INSERT INTO `autoparts`.`detail` (`id`, `modificationId`, `article_code`, `description`, `delivery_period`, `weight`, `price`, `avaliability`) VALUES (182, 6, 95, 'In quis libero consequuntur.', 3, '464.46038733', '29390914.228586', 0);
INSERT INTO `autoparts`.`detail` (`id`, `modificationId`, `article_code`, `description`, `delivery_period`, `weight`, `price`, `avaliability`) VALUES (183, 9, 43, 'Iste voluptatem vero excepturi.', 1, '177', '13203.824945', 1);
INSERT INTO `autoparts`.`detail` (`id`, `modificationId`, `article_code`, `description`, `delivery_period`, `weight`, `price`, `avaliability`) VALUES (184, 7, 34, 'Perspiciatis necessitatibus exercitationem bl', 2, '0.8466025', '101606.23477', 1);
INSERT INTO `autoparts`.`detail` (`id`, `modificationId`, `article_code`, `description`, `delivery_period`, `weight`, `price`, `avaliability`) VALUES (185, 45, 35, 'Aliquam nisi ut vero id officiis.', 6, '6.8097', '69965163.244406', 2);
INSERT INTO `autoparts`.`detail` (`id`, `modificationId`, `article_code`, `description`, `delivery_period`, `weight`, `price`, `avaliability`) VALUES (186, 1, 58, 'Inventore quia saepe.', 2, '315.3022', '46.59', 12);
INSERT INTO `autoparts`.`detail` (`id`, `modificationId`, `article_code`, `description`, `delivery_period`, `weight`, `price`, `avaliability`) VALUES (187, 8, 24, 'In atque delectus recusandae.', 0, '653583.903', '356858.98204117', 7);
INSERT INTO `autoparts`.`detail` (`id`, `modificationId`, `article_code`, `description`, `delivery_period`, `weight`, `price`, `avaliability`) VALUES (188, 14, 39, 'Illum officia sit ut laborum.', 3, '36890', '25494.639', 14);
INSERT INTO `autoparts`.`detail` (`id`, `modificationId`, `article_code`, `description`, `delivery_period`, `weight`, `price`, `avaliability`) VALUES (189, 42, 31, 'Veritatis et facere.', 0, '1.566736', '36271045.69042', 2);
INSERT INTO `autoparts`.`detail` (`id`, `modificationId`, `article_code`, `description`, `delivery_period`, `weight`, `price`, `avaliability`) VALUES (190, 30, 58, 'Nam est reiciendis doloribus labore.', 7, '43.359', '0', 11);
INSERT INTO `autoparts`.`detail` (`id`, `modificationId`, `article_code`, `description`, `delivery_period`, `weight`, `price`, `avaliability`) VALUES (191, 28, 80, 'Consequatur unde quia ut occaecati.', 3, '16867057.51', '19984521.096814', 9);
INSERT INTO `autoparts`.`detail` (`id`, `modificationId`, `article_code`, `description`, `delivery_period`, `weight`, `price`, `avaliability`) VALUES (192, 6, 95, 'Ex velit aperiam quia.', 7, '66079.83473', '2097940.5859', 2);
INSERT INTO `autoparts`.`detail` (`id`, `modificationId`, `article_code`, `description`, `delivery_period`, `weight`, `price`, `avaliability`) VALUES (193, 4, 69, 'Qui distinctio cupiditate dolores.', 0, '5889993.9', '68155412.435103', 1);
INSERT INTO `autoparts`.`detail` (`id`, `modificationId`, `article_code`, `description`, `delivery_period`, `weight`, `price`, `avaliability`) VALUES (194, 14, 63, 'Impedit sapiente velit rerum voluptatem.', 3, '45594.94237249', '22038634.69', 11);
INSERT INTO `autoparts`.`detail` (`id`, `modificationId`, `article_code`, `description`, `delivery_period`, `weight`, `price`, `avaliability`) VALUES (195, 15, 39, 'Alias nemo ut expedita consequatur.', 2, '399545.38426871', '96391122.31', 0);
INSERT INTO `autoparts`.`detail` (`id`, `modificationId`, `article_code`, `description`, `delivery_period`, `weight`, `price`, `avaliability`) VALUES (196, 6, 86, 'Sit sit culpa dolorem ut in.', 7, '7563.3', '39.99185', 7);
INSERT INTO `autoparts`.`detail` (`id`, `modificationId`, `article_code`, `description`, `delivery_period`, `weight`, `price`, `avaliability`) VALUES (197, 30, 27, 'Veritatis sint aut odit ea quas.', 4, '405450846.8', '5629.58231', 12);
INSERT INTO `autoparts`.`detail` (`id`, `modificationId`, `article_code`, `description`, `delivery_period`, `weight`, `price`, `avaliability`) VALUES (198, 39, 65, 'Modi omnis fugiat necessitatibus.', 7, '11186.961859433', '4328120.8345074', 9);
INSERT INTO `autoparts`.`detail` (`id`, `modificationId`, `article_code`, `description`, `delivery_period`, `weight`, `price`, `avaliability`) VALUES (199, 24, 0, 'Alias voluptate sint et corporis.', 1, '4048317.29', '259.712', 7);
INSERT INTO `autoparts`.`detail` (`id`, `modificationId`, `article_code`, `description`, `delivery_period`, `weight`, `price`, `avaliability`) VALUES (200, 19, 58, 'Quia sapiente autem blanditiis.', 2, '61138.9', '2.626406', 2);


INSERT INTO `autoparts`.`seller` (`id`, `phoneNumber`, `firstName`) VALUES (1, '01188053223', 'Zola');
INSERT INTO `autoparts`.`seller` (`id`, `phoneNumber`, `firstName`) VALUES (2, '405-339-8704', 'Barbara');
INSERT INTO `autoparts`.`seller` (`id`, `phoneNumber`, `firstName`) VALUES (3, '042.700.5479', 'Jerrell');
INSERT INTO `autoparts`.`seller` (`id`, `phoneNumber`, `firstName`) VALUES (4, '977.681.4104x646', 'Oswald');
INSERT INTO `autoparts`.`seller` (`id`, `phoneNumber`, `firstName`) VALUES (5, '+05(6)9237261622', 'Fay');

INSERT INTO `autoparts`.`user` (`id`, `username`, `password`, `firstName`,`secName`, `number`, `email`) VALUES (1, 'root', '$04$rX7UrkB03VEe9crx3BkXl.rNTihjL0c1S8Xf66GLWu5K0lLKrTzOq', 'Melyssa', 'Hoeger', '319-206-3313x21938', 'eluettgen@example.net');
INSERT INTO `autoparts`.`user` (`id`, `username`, `password`, `firstName`,`secName`,  `number`, `email`) VALUES (2, 'cust', '$04$M/H1SmLvWFcZWJy318AaH.6Bq.ANHDpsyxrOjt3lX8LMAy5cZvbIO', 'Collin', 'Schumm', '1-975-207-2753x90484', 'hokuneva@example.org');


